[
        { "Account Number":"123-456-7890", "Api Name": "Get_sreach_user_details", "TimeSpent": "2021-12-21 11:23:33" },
        { "Account Number": "123-456-7890", "Api Name": "Get_sreach_user_details", "TimeSpent": "2021-12-21 11:23:33" },
        { "Account Number": "123-456-7890", "Api Name": "Get_sreach_user_details", "TimeSpent": "2021-12-21 11:23:33" },
        { "Account Number": "123-456-7890", "Api Name": "Get_sreach_user_details", "TimeSpent": "2021-12-21 11:23:33" },
        { "Account Number": "123-456-7890", "Api Name": "Get_sreach_user_details", "TimeSpent": "2021-12-21 11:23:33" },
        { "Account Number": "123-456-7890", "Api Name": "Get_sreach_user_details", "TimeSpent": "2021-12-21 11:23:33" },
        { "Account Number": "123-456-7890", "Api Name": "Get_sreach_user_details", "TimeSpent": "2021-12-21 11:23:33" },
        { "Account Number": "123-456-7890", "Api Name": "Get_sreach_user_details", "TimeSpent": "2021-12-21 11:23:33" },
        { "Account Number": "123-456-7890", "Api Name": "Get_sreach_user_details", "TimeSpent": "2021-12-21 11:23:33" },
        { "Account Number": "123-456-7890", "Api Name": "Get_sreach_user_details", "TimeSpent": "2021-12-21 11:23:33" }
    
]