[
    { "Wol": "jkdhjk", "Type":"user","Natere":"hgdjhsd"},
    { "Wol": "jkdhjk", "Type":"user","Natere":"hgdjhsd"},
    { "Wol": "jkdhjk", "Type":"user","Natere":"hgdjhsd"},
    { "Wol": "jkdhjk", "Type":"user","Natere":"hgdjhsd"},
    { "Wol": "jkdhjk", "Type":"user","Natere":"hgdjhsd"},
    { "Wol": "jkdhjk", "Type":"user","Natere":"hgdjhsd"},
    { "Wol": "jkdhjk", "Type":"user","Natere":"hgdjhsd"},
    { "Wol": "jkdhjk", "Type":"user","Natere":"hgdjhsd"},
    { "Wol": "jkdhjk", "Type":"user","Natere":"hgdjhsd"},
    { "Wol": "jkdhjk", "Type":"user","Natere":"hgdjhsd"},
    { "Wol": "jkdhjk", "Type":"user","Natere":"hgdjhsd"},
    { "Wol": "jkdhjk", "Type":"user","Natere":"hgdjhsd"}
    
    
    
  ]
