[
    {"Phone":"87948585885","Account No":"9388484884","Otp":"283798","is-send":"0"},
    {"Phone":"87948585885","Account No":"9388484884","Otp":"283798","is-send":"0"},
    {"Phone":"87948585885","Account No":"9388484884","Otp":"283798","is-send":"0"},
    {"Phone":"87948585885","Account No":"9388484884","Otp":"283798","is-send":"0"},
    {"Phone":"87948585885","Account No":"9388484884","Otp":"283798","is-send":"0"},
    {"Phone":"87948585885","Account No":"9388484884","Otp":"283798","is-send":"0"},
    {"Phone":"87948585885","Account No":"9388484884","Otp":"283798","is-send":"0"},
    {"Phone":"87948585885","Account No":"9388484884","Otp":"283798","is-send":"0"},
    {"Phone":"87948585885","Account No":"9388484884","Otp":"283798","is-send":"0"}
    
  ]