[
    { "plan_details": "John Doe", "WOITransactionID":"1234555","PGTransactionID":"abc123","AccountNo":"989373897","TranStatus":"pass","AuthCode":"9897","PGName":"uiiu","PaymentMode":"upi","TotalPackAmount":"300","TotalTax":"123","Discount":"10%","FinalAmount":"400","CurrentBalance":"200","TotalPaymentAmount":"TotalPaymentAmount","PlatformType":"PlatformType","PGRequestDate":"PGRequestDate", "PGResponseDate":"10-20-2024","PGResponseStatus":"487","DuplicateWOITransactionID":"DuplicateWOITransactionID","UpdatedDate":"20-10-2024","UpdatedBy":"Admin","TransactionType":"1111293938","created_at":"12-4-2024","ObrmSubmit":"ObrmSubmit","ObrmPlanActivate":"ObrmPlanActivate","UpassUpdate":"UpassUpdate","transactionLimit":"transactionLimit"},
    { "plan_details": "John Doe", "WOITransactionID":"1234555","PGTransactionID":"abc123","AccountNo":"989373897","TranStatus":"pass","AuthCode":"9897","PGName":"uiiu","PaymentMode":"upi","TotalPackAmount":"300","TotalTax":"123","Discount":"10%","FinalAmount":"400","CurrentBalance":"200","TotalPaymentAmount":"TotalPaymentAmount","PlatformType":"PlatformType","PGRequestDate":"PGRequestDate", "PGResponseDate":"10-20-2024","PGResponseStatus":"487","DuplicateWOITransactionID":"DuplicateWOITransactionID","UpdatedDate":"20-10-2024","UpdatedBy":"Admin","TransactionType":"1111293938","created_at":"12-4-2024","ObrmSubmit":"ObrmSubmit","ObrmPlanActivate":"ObrmPlanActivate","UpassUpdate":"UpassUpdate","transactionLimit":"transactionLimit"},
    { "plan_details": "John Doe", "WOITransactionID":"1234555","PGTransactionID":"abc123","AccountNo":"989373897","TranStatus":"pass","AuthCode":"9897","PGName":"uiiu","PaymentMode":"upi","TotalPackAmount":"300","TotalTax":"123","Discount":"10%","FinalAmount":"400","CurrentBalance":"200","TotalPaymentAmount":"TotalPaymentAmount","PlatformType":"PlatformType","PGRequestDate":"PGRequestDate", "PGResponseDate":"10-20-2024","PGResponseStatus":"487","DuplicateWOITransactionID":"DuplicateWOITransactionID","UpdatedDate":"20-10-2024","UpdatedBy":"Admin","TransactionType":"1111293938","created_at":"12-4-2024","ObrmSubmit":"ObrmSubmit","ObrmPlanActivate":"ObrmPlanActivate","UpassUpdate":"UpassUpdate","transactionLimit":"transactionLimit"},
    { "plan_details": "John Doe", "WOITransactionID":"1234555","PGTransactionID":"abc123","AccountNo":"989373897","TranStatus":"pass","AuthCode":"9897","PGName":"uiiu","PaymentMode":"upi","TotalPackAmount":"300","TotalTax":"123","Discount":"10%","FinalAmount":"400","CurrentBalance":"200","TotalPaymentAmount":"TotalPaymentAmount","PlatformType":"PlatformType","PGRequestDate":"PGRequestDate", "PGResponseDate":"10-20-2024","PGResponseStatus":"487","DuplicateWOITransactionID":"DuplicateWOITransactionID","UpdatedDate":"20-10-2024","UpdatedBy":"Admin","TransactionType":"1111293938","created_at":"12-4-2024","ObrmSubmit":"ObrmSubmit","ObrmPlanActivate":"ObrmPlanActivate","UpassUpdate":"UpassUpdate","transactionLimit":"transactionLimit"},
    { "plan_details": "John Doe", "WOITransactionID":"1234555","PGTransactionID":"abc123","AccountNo":"989373897","TranStatus":"pass","AuthCode":"9897","PGName":"uiiu","PaymentMode":"upi","TotalPackAmount":"300","TotalTax":"123","Discount":"10%","FinalAmount":"400","CurrentBalance":"200","TotalPaymentAmount":"TotalPaymentAmount","PlatformType":"PlatformType","PGRequestDate":"PGRequestDate", "PGResponseDate":"10-20-2024","PGResponseStatus":"487","DuplicateWOITransactionID":"DuplicateWOITransactionID","UpdatedDate":"20-10-2024","UpdatedBy":"Admin","TransactionType":"1111293938","created_at":"12-4-2024","ObrmSubmit":"ObrmSubmit","ObrmPlanActivate":"ObrmPlanActivate","UpassUpdate":"UpassUpdate","transactionLimit":"transactionLimit"}
   
    
  ]
