[
    { "Amount": "2938", "Mocle":"1234555","Date":"24-12-2024"},
    { "Amount": "2938", "Mocle":"1234555","Date":"24-12-2024"},
    { "Amount": "2938", "Mocle":"1234555","Date":"24-12-2024"},
    { "Amount": "2938", "Mocle":"1234555","Date":"24-12-2024"},
    { "Amount": "2938", "Mocle":"1234555","Date":"24-12-2024"},
    { "Amount": "2938", "Mocle":"1234555","Date":"24-12-2024"},
    { "Amount": "2938", "Mocle":"1234555","Date":"24-12-2024"},
    { "Amount": "2938", "Mocle":"1234555","Date":"24-12-2024"}
    
    
  ]
