[
    { "name": "John Doe", "Role": "sub" , "Number of User":"10"},
    { "name": "John Doe", "Role": "sub" , "Number of User":"10"},
    { "name": "John Doe", "Role": "sub" , "Number of User":"10"},
    { "name": "John Doe", "Role": "sub" , "Number of User":"10"},
    { "name": "John Doe", "Role": "sub" , "Number of User":"10"},
    { "name": "John Doe", "Role": "sub" , "Number of User":"10"},
    { "name": "John Doe", "Role": "sub" , "Number of User":"10"},
    { "name": "John Doe", "Role": "sub" , "Number of User":"10"},
    { "name": "John Doe", "Role": "sub" , "Number of User":"10"},
    { "name": "John Doe", "Role": "sub" , "Number of User":"10"},
    { "name": "John Doe", "Role": "sub" , "Number of User":"10"},
    { "name": "John Doe", "Role": "sub" , "Number of User":"10"},
    { "name": "John Doe", "Role": "sub" , "Number of User":"10"},
    { "name": "John Doe", "Role": "sub" , "Number of User":"10"},
    { "name": "John Doe", "Role": "sub" , "Number of User":"10"},
    { "name": "John Doe", "Role": "sub" , "Number of User":"10"},
    { "name": "John Doe", "Role": "sub" , "Number of User":"10"},
    { "name": "John Doe", "Role": "sub" , "Number of User":"10"},
    { "name": "John Doe", "Role": "sub" , "Number of User":"10"}
    
  ]